data,projeto,financiado_por,descricao,item_cod,categoria,valor
10/10/2025,MORADA BELA,CAMURIM,TREVO FERRAGENS - FERRAGEM FUNDAÇÃO,2.5,FERRAGEM,2992
10/10/2025,MORADA BELA,CAMURIM,COMPRA DO LOTE 18AH,3.1,COMPRA DO LOTE,70000
10/10/2025,MORADA BELA,CAMURIM,PLOTAGEM DE PROJETOS - REEMBOLSO AYRSON,3.5,PLOTAGENS E IMPRESSÕES,170
10/10/2025,MORADA BELA,CAMURIM,ALUGUEIS - RETROESCAVADEIRA (LIMPEZA DO TERRENO),2.11,"LOCAÇÃO DE EQUIPAMENTOS - RETRO, MUNCK, CONTAINER, OUTROS",700
10/10/2025,MORADA BELA,CAMURIM,MADEREIRA CARPINA LTDA,2.7,MADEIRA,1800
13/10/2025,MORADA BELA,CAMURIM,1ª E 2ª CARRADAS DE AREIA,2.1,AREIA,2300
13/10/2025,MORADA BELA,CAMURIM,1ª CARRADAS DE AREIA,2.2,BRITA,1400
13/10/2025,MORADA BELA,CAMURIM,1ª CARRADA DE TIJOLOS 8.000,2.4,TIJOLO,4960
13/10/2025,MORADA BELA,CAMURIM,RR COMERCIO E SERVIÇOS - 20 SACOS DE CIMENTO,2.3,CIMENTO (50kg),690
13/10/2025,MORADA BELA,ARCA,ALUGUEIS - MOBILIZAÇÃO DO CONTAINER,2.11,"LOCAÇÃO DE EQUIPAMENTOS - RETRO, MUNCK, CONTAINER, OUTROS",1700
13/10/2025,MORADA BELA,ARCA,ALUGUEIS - DESMOBILIZAÇÃO DO CONTAINER,2.11,"LOCAÇÃO DE EQUIPAMENTOS - RETRO, MUNCK, CONTAINER, OUTROS",1700
15/10/2025,MORADA BELA,CAMURIM,LIGAÇÃO PONTO DE ENERGIA,4.1,DESPESA EXTRA,200
15/10/2025,MORADA BELA,CAMURIM,TREVO FERRAGENS - PREGOS E ARAME,2.22,"ARAME, DISCO E PREGO",314.2
15/10/2025,MORADA BELA,CAMURIM,TREVO FERRAGENS - TELA POP E CHAPA,2.5,FERRAGEM,488
16/10/2025,MORADA BELA,CAMURIM,MRE ARMAZÉM DE CONSTRUÇÃO - BALDES E CARRO DE MÃO,2.13,"FERRAMENTAS, FARDAMENTOS E EPI'S",588
16/10/2025,MORADA BELA,CAMURIM,MASSEIRAS - REEMBOLSO AYRSON,2.13,"FERRAMENTAS, FARDAMENTOS E EPI'S",280
16/10/2025,MORADA BELA,ARCA,ARMAZÉM - CAL PARA MARCAÇÃO,4.1,DESPESA EXTRA,21.9
17/10/2025,MORADA BELA,CAMURIM,FOLHA MÃO DE OBRA - CAL,1.1,FOLHA MÃO DE OBRA CIVIL,4000
20/10/2025,MORADA BELA,CAMURIM,RR COMERCIO E SERVIÇOS - 100 SACOS DE CIMENTO,2.3,CIMENTO (50kg),3700
21/10/2025,MORADA BELA,CAMURIM,MRE ARMAZÉM DE CONSTRUÇÃO - TELHA PARA CANTEIRO,4.1,DESPESA EXTRA,288
21/10/2025,MORADA BELA,CAMURIM,CARMEL - RODA CARRO DE MÃO,2.13,"FERRAMENTAS, FARDAMENTOS E EPI'S",69.26
22/10/2025,MORADA BELA,CAMURIM,TREVO FERRAGENS - SAPATAS E COLUNAS ,2.5,FERRAGEM,495
22/10/2025,MORADA BELA,CAMURIM,DISCOS DE FERRO - REEMBOLSO CAL,2.22,"ARAME, DISCO E PREGO",52
22/10/2025,MORADA BELA,CAMURIM,RR COMERCIO E SERVIÇOS - 2 PÁS,2.13,"FERRAMENTAS, FARDAMENTOS E EPI'S",85
23/10/2025,MORADA BELA,CAMURIM,3ª CARRADA DE AREIA,2.1,AREIA,1200
23/10/2025,MORADA BELA,CAMURIM,2ª CARRADAS DE BRITA,2.2,BRITA,1400
24/10/2025,MORADA BELA,CAMURIM,FOLHA MÃO DE OBRA - CAL,1.1,FOLHA MÃO DE OBRA CIVIL,3850
24/10/2025,MORADA BELA,CAMURIM,ALUGUEIS - BETONEIRA,2.11,"LOCAÇÃO DE EQUIPAMENTOS - RETRO, MUNCK, CONTAINER, OUTROS",330
28/10/2025,MORADA BELA,CAMURIM,2ª CARRADA DE TIJOLOS 8.000,2.4,TIJOLO,4960
28/10/2025,MORADA BELA,CAMURIM,TREVO FERRAGENS - FERRAGEM CINTURÃO,2.5,FERRAGEM,2310
29/10/2025,MORADA BELA,CAMURIM,4ª CARRADA DE AREIA,2.1,AREIA,1100
29/10/2025,MORADA BELA,CAMURIM,ITBI LOTE 18H,3.2,TAXAS REGISTRO DO LOTE/AVERBAÇÕES LOTE,1045
30/10/2025,MORADA BELA,CAMURIM,MADEREIRA CARPINA LTDA,2.7,MADEIRA,1100
30/10/2025,MORADA BELA,CAMURIM,FRETE TÁBUAS,2.7,MADEIRA,50
31/10/2025,MORADA BELA,CAMURIM,FOLHA MÃO DE OBRA - CAL,1.1,FOLHA MÃO DE OBRA CIVIL,5110
31/10/2025,MORADA BELA,CAMURIM,CERTIDÃO REGISTRO DO LOTE,3.2,TAXAS REGISTRO DO LOTE/AVERBAÇÕES LOTE,59.86
31/10/2025,MORADA BELA,CAMURIM,TAXA DA ESCRITURA,3.2,TAXAS REGISTRO DO LOTE/AVERBAÇÕES LOTE,2105.24
03/11/2025,MORADA BELA,CAMURIM,3ª CARRADA DE TIJOLOS 8.000,2.4,TIJOLO,4960
03/11/2025,MORADA BELA,CAMURIM,PRO LABORE - ALEXANDRE,4.2,DESPESAS EMPRESA,3000
03/11/2025,MORADA BELA,CAMURIM,PRO LABORE - CAIO,4.2,DESPESAS EMPRESA,3000
03/11/2025,MORADA BELA,CAMURIM,PRO LABORE - AYRSON,4.2,DESPESAS EMPRESA,6000
03/11/2025,MORADA BELA,ARCA,ART - LOTE 18 QD AH,3.4,PROJETO ARQUITETURA/ART,271.47
04/11/2025,MORADA BELA,CAMURIM,ALUGUEIS - RETROESCAVADEIRA (ATERRO DA BASE),2.11,"LOCAÇÃO DE EQUIPAMENTOS - RETRO, MUNCK, CONTAINER, OUTROS",1800
04/11/2025,MORADA BELA,CAMURIM,ALUGUEIS - CAMINHÃO CAÇAMBA (ATERRO DA BASE),2.11,"LOCAÇÃO DE EQUIPAMENTOS - RETRO, MUNCK, CONTAINER, OUTROS",1400
04/11/2025,MORADA BELA,CAMURIM,5ª CARRADA DE AREIA,2.1,AREIA,1200
04/11/2025,MORADA BELA,CAMURIM,3ª CARRADAS DE BRITA,2.2,BRITA,1400
04/11/2025,MORADA BELA,CAMURIM,TREVO FERRAGENS - TELAS POP LAJÃO,2.5,FERRAGEM,712.5
04/11/2025,MORADA BELA,CAMURIM,"MRE ARMAZÉM - BOTA, CARRO DE MÃO, BROXA",2.13,"FERRAMENTAS, FARDAMENTOS E EPI'S",802
04/11/2025,MORADA BELA,CAMURIM,MRE ARMAZÉM - ARGAMASSA POLIMÉRICA,2.12,MATERIAIS DIVERSOS,258
05/11/2025,MORADA BELA,CAMURIM,RR COMERCIO E SERVIÇOS - 100 SACOS DE CIMENTO,2.3,CIMENTO (50kg),3700
06/11/2025,MORADA BELA,CAMURIM,MRE ARMAZÉM - 30 SACOS DE CIMENTO,2.3,CIMENTO (50kg),1170
06/11/2025,MORADA BELA,CAMURIM,TREVO FERRAGENS - SUBIDA DOS PILARES,2.5,FERRAGEM,1527
06/11/2025,MORADA BELA,CAMURIM,FOLHA MÃO DE OBRA - CAL,1.1,FOLHA MÃO DE OBRA CIVIL,5500
07/11/2025,MORADA BELA,CAMURIM,COMPACTAÇÃO DO ATERRO,2.18,ATERRO,500
07/11/2025,MORADA BELA,ARCA,ALUGUEIS - CONTAINER,2.11,"LOCAÇÃO DE EQUIPAMENTOS - RETRO, MUNCK, CONTAINER, OUTROS",450
10/11/2025,MORADA BELA,CAMURIM,VIRTUALCONT ASSESORIA CONTAB,4.2,DESPESAS EMPRESA,100
11/11/2025,MORADA BELA,CAMURIM,MADEIRA PARA ANDAIMES,2.7,MADEIRA,1100
11/11/2025,MORADA BELA,CAMURIM,"BELO LAJES - LAJE FOSSA, CISTERNA E SUMIDOURO",2.23,"VERGAS E LAJES (FOSSA, SUMI, RESERV, CAIXA DÁGUA)",1140
11/11/2025,MORADA BELA,CAMURIM,6ª CARRADA DE AREIA,2.1,AREIA,1200
11/11/2025,MORADA BELA,CAMURIM,7ª CARRADA DE AREIA,2.1,AREIA,1100
11/11/2025,MORADA BELA,CAMURIM,ALUGUEIS - BETONEIRA + FRETE,2.11,"LOCAÇÃO DE EQUIPAMENTOS - RETRO, MUNCK, CONTAINER, OUTROS",460
11/11/2025,MORADA BELA,CAMURIM,FRETE TÁBUAS,2.7,MADEIRA,50
11/11/2025,MORADA BELA,CAMURIM,MRE ARMAZÉM - 30 SACOS DE CIMENTO,2.3,CIMENTO (50kg),1170
11/11/2025,MORADA BELA,CAMURIM,TREVO FERRAGENS - CINTA E MURO,2.5,FERRAGEM,2904
12/11/2025,MORADA BELA,CAMURIM,"2001 - CAIXA D'ÁGUA, PNEUS",2.12,MATERIAIS DIVERSOS,1273.1
13/11/2025,MORADA BELA,CAMURIM,TREVO FERRAGENS - PREGOS E ARAME,2.22,"ARAME, DISCO E PREGO",237.6
14/11/2025,MORADA BELA,CAMURIM,BELO LAJES - 1ª LAJE,2.16,LAJE,5472
14/11/2025,MORADA BELA,CAMURIM,BELO LAJES - VERGAS,2.23,"VERGAS E LAJES (FOSSA, SUMI, RESERV, CAIXA DÁGUA)",533
14/11/2025,MORADA BELA,CAMURIM,FOLHA MÃO DE OBRA - CAL,1.1,FOLHA MÃO DE OBRA CIVIL,5100
14/11/2025,MORADA BELA,CAMURIM,TREVO FERRAGENS - TELAS POP 1ª LAJE,2.5,FERRAGEM,720
18/11/2025,MORADA BELA,CAMURIM,MRE ARMAZÉM - DISCOS,2.22,"ARAME, DISCO E PREGO",96
18/11/2025,MORADA BELA,CAMURIM,COPYMAX - PLOTAGEM DOS PROJETOS,3.5,PLOTAGENS E IMPRESSÕES,120
19/11/2025,MORADA BELA,CAMURIM,TREVO FERRAGENS - COLUNAS E PREGOS,2.5,FERRAGEM,768
19/11/2025,MORADA BELA,CAMURIM,MRE ARMAZÉM - GRAUTE E COLA,2.12,MATERIAIS DIVERSOS,191
20/11/2025,MORADA BELA,CAMURIM,CÍCERO - CONCRETO E BOMBA,2.20,CONCRETO USINADO,5265
21/11/2025,MORADA BELA,CAMURIM,FOLHA MÃO DE OBRA - CAL,1.1,FOLHA MÃO DE OBRA CIVIL,5100
21/11/2025,MORADA BELA,CAMURIM,TREVO FERRAGENS - SUBIDA DOS PILARES E CINTURÃO,2.5,FERRAGEM,3456
21/11/2025,MORADA BELA,CAMURIM,4ª CARRADA DE TIJOLOS 8.000,2.4,TIJOLO,4960
27/11/2025,MORADA BELA,CAMURIM,ALMEIDA DISTRIBUIDORA - MATERIAL HIDRAULICO,2.9,MATERIAL HIDRÁULICO,2546.4
27/11/2025,MORADA BELA,CAMURIM,CERTIDÃO REGISTRO DO LOTE,3.2,TAXAS REGISTRO DO LOTE/AVERBAÇÕES LOTE,68.73
28/11/2025,MORADA BELA,CAMURIM,BELO LAJES - 2ª LAJE,2.16,LAJE,5092
28/11/2025,MORADA BELA,CAMURIM,BELO LAJES - VERGAS,2.23,"VERGAS E LAJES (FOSSA, SUMI, RESERV, CAIXA DÁGUA)",481
28/11/2025,MORADA BELA,CAMURIM,FOLHA MÃO DE OBRA - CAL,1.1,FOLHA MÃO DE OBRA CIVIL,5100
28/11/2025,MORADA BELA,CAMURIM,ARMAZÉM - MATERIAL ELÉTRICA,2.8,MATERIAL ELÉTRICA,917.6
01/12/2025,MORADA BELA,CAMURIM,TREVO FERRAGENS - TELAS POP 2ª LAJE,2.5,FERRAGEM,870
01/12/2025,MORADA BELA,CAMURIM,TREVO FERRAGENS - ARAME E PREGO,2.22,"ARAME, DISCO E PREGO",220.79999999999995
01/12/2025,MORADA BELA,CAMURIM,GRADES DE PORTA,2.19,ESQUADRIAS DE MADEIRA,1400
01/12/2025,MORADA BELA,CAMURIM,ALMEIDA DISTRIBUIDORA - MATERIAL HIDRAULICO,2.9,MATERIAL HIDRÁULICO,1285.76
01/12/2025,MORADA BELA,CAMURIM,PRO LABORE - AYRSON,4.2,DESPESAS EMPRESA,6000
01/12/2025,MORADA BELA,CAMURIM,TAXA DE LICENÇA DE CONSTRUÇÃO,3.7,TAXA APROVAÇÃO PROJETO,238.22
01/12/2025,MORADA BELA,CAMURIM,TAXA DE LICENÇA DE CONSTRUÇÃO,3.7,TAXA APROVAÇÃO PROJETO,238.22
01/12/2025,MORADA BELA,CAMURIM,TAXA DE LICENÇA DE CONSTRUÇÃO,3.7,TAXA APROVAÇÃO PROJETO,248.09
01/12/2025,MORADA BELA,CAMURIM,TAXA DE LICENÇA DE CONSTRUÇÃO,3.7,TAXA APROVAÇÃO PROJETO,248.09
01/12/2025,MORADA BELA,CAMURIM,TAXA DE HABITE-SE,3.9,HABITESE (TAXA/ISS/AVERBAÇÃO),238.22
01/12/2025,MORADA BELA,CAMURIM,TAXA DE HABITE-SE,3.9,HABITESE (TAXA/ISS/AVERBAÇÃO),238.22
01/12/2025,MORADA BELA,CAMURIM,TAXA DE HABITE-SE,3.9,HABITESE (TAXA/ISS/AVERBAÇÃO),248.09
01/12/2025,MORADA BELA,CAMURIM,TAXA DE HABITE-SE,3.9,HABITESE (TAXA/ISS/AVERBAÇÃO),248.09
02/12/2025,MORADA BELA,CAMURIM,8ª CARRADA DE AREIA,2.1,AREIA,1150
02/12/2025,MORADA BELA,CAMURIM,PRO LABORE - ALEXANDRE,4.2,DESPESAS EMPRESA,3000
02/12/2025,MORADA BELA,CAMURIM,PRO LABORE - CAIO,4.2,DESPESAS EMPRESA,3000
04/12/2025,MORADA BELA,CAMURIM,MUNDO DA IMPERMEABILIZAÇÃO - ADITIVO REBOCO,2.12,MATERIAIS DIVERSOS,160
05/12/2025,MORADA BELA,CAMURIM,MADEREIRA CARPINA LTDA,2.7,MADEIRA,990
05/12/2025,MORADA BELA,CAMURIM,FRETE TÁBUAS,2.7,MADEIRA,50
05/12/2025,MORADA BELA,CAMURIM,TAXA DE REGISTRO,3.2,TAXAS REGISTRO DO LOTE/AVERBAÇÕES LOTE,1876.69
05/12/2025,MORADA BELA,CAMURIM,FOLHA MÃO DE OBRA - CAL,1.1,FOLHA MÃO DE OBRA CIVIL,5100
06/12/2025,MORADA BELA,CAMURIM,FOLHA INSTALAÇÕES HIDRAULICAS - JÓ,1.2,FOLHA INSTALAÇÕES HIDRÁULICAS,600
06/12/2025,MORADA BELA,CAMURIM,CÍCERO - CONCRETO E BOMBA,2.20,CONCRETO USINADO,5000
06/12/2025,MORADA BELA,CAMURIM,FOLHA INSTALAÇÕES ELÉTRICAS - MARADONA,1.3,FOLHA INSTALAÇÕES ELÉTRICAS,1000
08/12/2025,MORADA BELA,CAMURIM,REEMBOLSO - CAL ,2.12,MATERIAIS DIVERSOS,268
09/12/2025,MORADA BELA,CAMURIM,CONTABILIDADE ,4.2,DESPESAS EMPRESA,1900
09/12/2025,MORADA BELA,CAMURIM,MRE ARMAZÉM - MATERIAL HIDRAULICO,2.9,MATERIAL HIDRÁULICO,66.5
09/12/2025,MORADA BELA,CAMURIM,ALMEIDA DISTRIBUIDORA - MATERIAL HIDRAULICO (REGISTROS),2.9,MATERIAL HIDRÁULICO,616.84
10/12/2025,MORADA BELA,CAMURIM,MRE ARMAZÉM - MATERIAL HIDRAULICO,2.9,MATERIAL HIDRÁULICO,99
11/12/2025,MORADA BELA,CAMURIM,MRE ARMAZÉM - MATERIAL HIDRAULICO,2.9,MATERIAL HIDRÁULICO,292
12/12/2025,MORADA BELA,CAMURIM,ALUGUEIS - ALUGUEL DE ESCORAS (PRÁTICO),2.11,"LOCAÇÃO DE EQUIPAMENTOS - RETRO, MUNCK, CONTAINER, OUTROS",828
12/12/2025,MORADA BELA,CAMURIM,FOLHA MÃO DE OBRA - CAL,1.1,FOLHA MÃO DE OBRA CIVIL,4900
12/12/2025,MORADA BELA,CAMURIM,REEMBOLSO - CAL ,2.12,MATERIAIS DIVERSOS,40
12/12/2025,MORADA BELA,CAMURIM,FOLHA INSTALAÇÕES HIDRAULICAS - JÓ,1.2,FOLHA INSTALAÇÕES HIDRÁULICAS,1200
12/12/2025,MORADA BELA,CAMURIM,9ª E 10ª CARRADA DE AREIA,2.1,AREIA,2350
12/12/2025,MORADA BELA,CAMURIM,ALUGUEIS - BETONEIRA (CASA DO CONSTRUTOR),2.11,"LOCAÇÃO DE EQUIPAMENTOS - RETRO, MUNCK, CONTAINER, OUTROS",330.04
13/12/2025,MORADA BELA,CAMURIM,MRE ARMAZÉM - MATERIAL ELÉTRICA,2.8,MATERIAL ELÉTRICA,41
15/12/2025,MORADA BELA,ARCA,ALUGUEIS - CONTAINER,2.11,"LOCAÇÃO DE EQUIPAMENTOS - RETRO, MUNCK, CONTAINER, OUTROS",450
16/12/2025,MORADA BELA,CAMURIM,TELHA CANAL - 4.000,2.24,TELHAS,3200
16/12/2025,MORADA BELA,CAMURIM,FRETE - CERÂMICA,2.6,CERÂMICA/ARGAMASSA/REJUNTE,1000
17/12/2025,MORADA BELA,CAMURIM,VOTORANTIM - CIMENTO,2.3,CIMENTO (50kg),9989.81
17/12/2025,MORADA BELA,CAMURIM,LUMINÁRIAS LED DE EMBUTIR,2.8,MATERIAL ELÉTRICA,390
17/12/2025,MORADA BELA,CAMURIM,ARGAMASSA DO MESTRE 180 SACOS 20KG,2.6,CERÂMICA/ARGAMASSA/REJUNTE,1692
17/12/2025,MORADA BELA,CAMURIM,FRETE ARGAMASSA,2.6,CERÂMICA/ARGAMASSA/REJUNTE,218.2
17/12/2025,MORADA BELA,CAMURIM,ALMEIDA DISTRIBUIDORA - MATERIAL ELÉTRICA,2.8,MATERIAL ELÉTRICA,1622.1
17/12/2025,MORADA BELA,CAMURIM,MRE ARMAZÉM - MAT HIDRO,2.9,MATERIAL HIDRÁULICO,51.83
17/12/2025,MORADA BELA,CAMURIM,MRE ARMAZÉM - MATERIAIS DIVERSOS,2.12,MATERIAIS DIVERSOS,16.17
18/12/2025,MORADA BELA,CAMURIM,MRE ARMAZÉM - MAT HIDO,2.9,MATERIAL HIDRÁULICO,53.35
19/12/2025,MORADA BELA,CAMURIM,FOLHA MÃO DE OBRA - CAL,1.1,FOLHA MÃO DE OBRA CIVIL,4500
19/12/2025,MORADA BELA,CAMURIM,FOLHA INSTALAÇÕES HIDRAULICAS - JÓ,1.2,FOLHA INSTALAÇÕES HIDRÁULICAS,1200
19/12/2025,MORADA BELA,CAMURIM,MRE ARMAZÉM - MATERIAL ELÉTRICA,2.8,MATERIAL ELÉTRICA,526
19/12/2025,MORADA BELA,CAMURIM,NB SERRALHARIA - PORTÕES DE FERRO,2.17,PORTÕES DE FERRO,3300.0000000000005
19/12/2025,MORADA BELA,CAMURIM,NB SERRALHARIA - ESQUADRIAS,2.14,ESQUADRIAS DE VIDRO,7500
19/12/2025,MORADA BELA,CAMURIM,FOLHA INSTALAÇÕES ELÉTRICAS - MARADONA,1.3,FOLHA INSTALAÇÕES ELÉTRICAS,2600
22/12/2025,MORADA BELA,CAMURIM,DAE JUCEPE - ESPECÍFICA,4.2,DESPESAS EMPRESA,60
22/12/2025,MORADA BELA,CAMURIM,DAE JUCEPE - INTEIRO TEOR,4.2,DESPESAS EMPRESA,124
22/12/2025,MORADA BELA,CAMURIM,DAE JUCEPE - SIMPLIFICADA,4.2,DESPESAS EMPRESA,30
23/12/2025,MORADA BELA,CAMURIM,FOLHA MÃO DE OBRA - CAL,1.1,FOLHA MÃO DE OBRA CIVIL,4500
23/12/2025,MORADA BELA,CAMURIM,CONFRATERNIZAÇÃO DA FIRMA,4.1,DESPESA EXTRA,790
23/12/2025,MORADA BELA,CAMURIM,MÃO DE OBRA E MATERIAL - FORRO DE GESSO,2.21,GESSO,2500
31/12/2025,MORADA BELA,CAMURIM,FOLHA MÃO DE OBRA - CAL,1.1,FOLHA MÃO DE OBRA CIVIL,3500
05/01/2026,MORADA BELA,CAMURIM,AGR - CONTABILIDADE ,4.2,DESPESAS EMPRESA,1000
05/01/2026,MORADA BELA,CAMURIM,ALUGUEIS - BETONEIRA,2.11,"LOCAÇÃO DE EQUIPAMENTOS - RETRO, MUNCK, CONTAINER, OUTROS",380
05/01/2026,MORADA BELA,CAMURIM,11ª CARRADA DE AREIA,2.1,AREIA,1150
05/01/2026,MORADA BELA,CAMURIM,"VIEIRA CONSTRUÇÕES - BALDES, SERRA E CADEADO",2.13,"FERRAMENTAS, FARDAMENTOS E EPI'S",185
05/01/2026,MORADA BELA,CAMURIM,ARMAZÉM DOIS IRMÃOS - ESPAÇADORES,2.13,"FERRAMENTAS, FARDAMENTOS E EPI'S",30
06/01/2026,MORADA BELA,CAMURIM,VIEIRA CONSTRUÇÕES,2.13,"FERRAMENTAS, FARDAMENTOS E EPI'S",144
07/01/2026,MORADA BELA,CAMURIM,ALUGUEIS - ALUGUEL DE ESCORAS (ANDAIMES),2.11,"LOCAÇÃO DE EQUIPAMENTOS - RETRO, MUNCK, CONTAINER, OUTROS",360
07/01/2026,MORADA BELA,CAMURIM,MÃO DE OBRA E MATERIAL - FORRO DE GESSO,2.21,GESSO,1000
08/01/2026,MORADA BELA,CAMURIM,ÁGUA - CARRO PIPA,4.1,DESPESA EXTRA,1495
08/01/2026,MORADA BELA,CAMURIM,PRO LABORE - AYRSON,4.2,DESPESAS EMPRESA,6000
08/01/2026,MORADA BELA,CAMURIM,PRO LABORE - ALEXANDRE,4.2,DESPESAS EMPRESA,3000
08/01/2026,MORADA BELA,CAMURIM,PRO LABORE - CAIO,4.2,DESPESAS EMPRESA,3000
08/01/2026,MORADA BELA,CAMURIM,BRAVA TINTAS - MATERIAL PINTURA,2.10,MATERIAL PINTURA,5854
08/01/2026,MORADA BELA,CAMURIM,ALUGUEIS - ALUGUEL DE ESCORAS (ANDAIMES),2.11,"LOCAÇÃO DE EQUIPAMENTOS - RETRO, MUNCK, CONTAINER, OUTROS",410
09/01/2026,MORADA BELA,CAMURIM,TREVO FERRAGENS - MALHA,2.5,FERRAGEM,360
09/01/2026,MORADA BELA,CAMURIM,FOLHA MÃO DE OBRA - CAL,1.1,FOLHA MÃO DE OBRA CIVIL,7000
10/01/2026,MORADA BELA,CAMURIM,ALMEIDA DISTRIBUIDORA - MAT HIDRO,2.9,MATERIAL HIDRÁULICO,1568
10/01/2026,MORADA BELA,CAMURIM,MÃO DE OBRA E MATERIAL - FORRO DE GESSO,2.21,GESSO,1500
12/01/2026,MORADA BELA,ARCA,PAMESA - CERÂMICAS,2.6,CERÂMICA/ARGAMASSA/REJUNTE,3431.91
13/01/2026,MORADA BELA,ARCA,ALUGUEIS - CONTAINER,2.11,"LOCAÇÃO DE EQUIPAMENTOS - RETRO, MUNCK, CONTAINER, OUTROS",450
14/01/2026,MORADA BELA,CAMURIM,FOLHA INSTALAÇÕES ELÉTRICAS - MARADONA,1.3,FOLHA INSTALAÇÕES ELÉTRICAS,200
15/01/2026,MORADA BELA,ARCA,AM COMERCIAL - MAT ELÉTRICA,2.8,MATERIAL ELÉTRICA,2278.11
15/01/2026,MORADA BELA,ARCA,AM COMERCIAL - MAT ELÉTRICA,2.8,MATERIAL ELÉTRICA,107.64
15/01/2026,MORADA BELA,CAMURIM,INTEIRO TEOR ATUALIZADA,3.13,AFETAÇÃO,62.52
15/01/2026,MORADA BELA,CAMURIM,VIEIRA CONSTRUÇÕES,2.13,"FERRAMENTAS, FARDAMENTOS E EPI'S",26.5
16/01/2026,MORADA BELA,CAMURIM,ALIZARES PARA PORTAS DE MADEIRA,2.19,ESQUADRIAS DE MADEIRA,630
16/01/2026,MORADA BELA,CAMURIM,KDK - PORTAS DE MADEIRA,2.19,ESQUADRIAS DE MADEIRA,1358
16/01/2026,MORADA BELA,CAMURIM,FOLHA MÃO DE OBRA - CAL,1.1,FOLHA MÃO DE OBRA CIVIL,7000
16/01/2026,MORADA BELA,CAMURIM,FOLHA PINTURA - JOEDSON,1.4,FOLHA PINTURA,2500
19/01/2026,MORADA BELA,CAMURIM,MRE ARMAZÉM - ARGAMASSA AC I,2.6,CERÂMICA/ARGAMASSA/REJUNTE,142.5
20/01/2026,MORADA BELA,CAMURIM,INTEIRO TEOR E CERTIDÃO VINTENÁRIA,3.13,AFETAÇÃO,188.01
22/01/2026,MORADA BELA,CAMURIM,ALMEIDA DISTRIBUIDORA - MAT HIDRO,2.9,MATERIAL HIDRÁULICO,1365.51
22/01/2026,MORADA BELA,CAMURIM,12ª CARRADA DE AREIA,2.1,AREIA,1500
22/01/2026,MORADA BELA,CAMURIM,4ª CARRADA DE BRITA,2.2,BRITA,1250
22/01/2026,MORADA BELA,CAMURIM,PAGAMENTO IPTU - LOTE 18 QAH,3.15,IPTU,70.79
22/01/2026,MORADA BELA,CAMURIM,PAGAMENTO IPTU - LOTE 18 QAH,3.15,IPTU,64.08
22/01/2026,MORADA BELA,CAMURIM,PAGAMENTO IPTU - LOTE 18 QAH,3.15,IPTU,60.67
22/01/2026,MORADA BELA,CAMURIM,PAGAMENTO IPTU - LOTE 18 QAH,3.15,IPTU,170.5
22/01/2026,MORADA BELA,CAMURIM,2001 - MATERIAL PARA CERÂMICA,2.6,CERÂMICA/ARGAMASSA/REJUNTE,405.33
23/01/2026,MORADA BELA,CAMURIM,CERTIDÕES DE PROTESTO - AFETAÇÃO,3.13,AFETAÇÃO,18.21
23/01/2026,MORADA BELA,CAMURIM,CERTIDÕES DE PROTESTO - AFETAÇÃO,3.13,AFETAÇÃO,18.21
23/01/2026,MORADA BELA,CAMURIM,CERTIDÕES DE PROTESTO - AFETAÇÃO,3.13,AFETAÇÃO,18.21
23/01/2026,MORADA BELA,CAMURIM,CERTIDÕES DE PROTESTO - AFETAÇÃO,3.13,AFETAÇÃO,18.21
23/01/2026,MORADA BELA,CAMURIM,CERTIDÕES DE PROTESTO - AFETAÇÃO,3.13,AFETAÇÃO,33.32
23/01/2026,MORADA BELA,CAMURIM,CERTIDÕES DE PROTESTO - AFETAÇÃO,3.13,AFETAÇÃO,33.32
23/01/2026,MORADA BELA,CAMURIM,CERTIDÕES DE PROTESTO - AFETAÇÃO,3.13,AFETAÇÃO,18.21
23/01/2026,MORADA BELA,CAMURIM,REEMBOLSO PINTURA MATERIAL - JOEDSON,2.10,MATERIAL PINTURA,200
23/01/2026,MORADA BELA,CAMURIM,FOLHA MÃO DE OBRA - CAL,1.1,FOLHA MÃO DE OBRA CIVIL,5000
23/01/2026,MORADA BELA,CAMURIM,VAREJÃO - DESPACHO DA AFETAÇÃO,3.13,AFETAÇÃO,1300
27/01/2026,MORADA BELA II,CAMURIM,NAB COMERCIO - 50 SACOS DE CIMENTO,2.3,CIMENTO (50kg),1925
27/01/2026,MORADA BELA II,CAMURIM,1ª CARRADA DE TIJOLO - 8000,2.4,TIJOLO,5200
27/01/2026,MORADA BELA II,CAMURIM,MUCK - TRANSPORTE DO CONTAINER,2.11,"LOCAÇÃO DE EQUIPAMENTOS - RETRO, MUNCK, CONTAINER, OUTROS",300
27/01/2026,MORADA BELA,CAMURIM,FOLHA PINTURA - JOEDSON,1.4,FOLHA PINTURA,2500
27/01/2026,MORADA BELA,CAMURIM,MRE ARMAZÉM - FECHADURAS E DOBRADIÇAS,2.19,ESQUADRIAS DE MADEIRA,1019
28/01/2026,MORADA BELA,CAMURIM,PLOTAGEM DE PROJETOS - AFETAÇÃO,3.5,PLOTAGENS E IMPRESSÕES,68.7
28/01/2026,MORADA BELA,ARCA,RECONHECIMENTO DE FIRMA - AFETAÇÃO,3.13,AFETAÇÃO,600
29/01/2026,MORADA BELA II,CAMURIM,CERTIFICADO DIGITAL,4.2,DESPESAS EMPRESA,199
29/01/2026,MORADA BELA,CAMURIM,CASA DOS PARAFUSOS - PARAFUROS LONGOS,2.8,MATERIAL ELÉTRICA,28.5
29/01/2026,MORADA BELA,CAMURIM,MARCENEIRO - INSTALAÇÃO DAS PORTAS DE MADEIRA,2.19,ESQUADRIAS DE MADEIRA,840
30/01/2026,MORADA BELA,CAMURIM,VIEIRA CONSTRUÇÕES - REJUNTE,2.6,CERÂMICA/ARGAMASSA/REJUNTE,72
30/01/2026,MORADA BELA,CAMURIM,MRE ARMAZÉM - MAT ELÉTRICO,2.8,MATERIAL ELÉTRICA,118.5
30/01/2026,MORADA BELA,CAMURIM,COPYMAX - CÓPIAS,3.5,PLOTAGENS E IMPRESSÕES,8
30/01/2026,MORADA BELA II,CAMURIM,FOLHA MÃO DE OBRA - CAL,1.1,FOLHA MÃO DE OBRA CIVIL,2200
30/01/2026,MORADA BELA,CAMURIM,IDEAL GRANITOS - BALCÕES,2.15,BALCÕES E GRANITOS,5800
30/01/2026,MORADA BELA,CAMURIM,LEANDRO - CUBAS PARA BALCÕES,2.15,BALCÕES E GRANITOS,859
30/01/2026,MORADA BELA,CAMURIM,FOLHA INSTALAÇÕES ELÉTRICAS - MARADONA,1.3,FOLHA INSTALAÇÕES ELÉTRICAS,1700
30/01/2026,MORADA BELA,CAMURIM,ALUGUEIS - BETONEIRA (CASA DO CONSTRUTOR),2.11,"LOCAÇÃO DE EQUIPAMENTOS - RETRO, MUNCK, CONTAINER, OUTROS",303.45
03/02/2026,MORADA BELA II,CAMURIM,PRO LABORE - AYRSON,4.2,DESPESAS EMPRESA,6000
03/02/2026,MORADA BELA II,CAMURIM,PRO LABORE - ALEXANDRE,4.2,DESPESAS EMPRESA,3000
03/02/2026,MORADA BELA II,CAMURIM,PRO LABORE - CAIO,4.2,DESPESAS EMPRESA,3000
03/02/2026,MORADA BELA II,CAMURIM,THOMAS - FERRAGENS,2.5,FERRAGEM,4297.83
03/02/2026,MORADA BELA II,CAMURIM,THOMAS - FERRAGENS,2.5,FERRAGEM,2092.7
04/02/2026,MORADA BELA II,CAMURIM,GRÁFICA ATITUDE,3.5,PLOTAGENS E IMPRESSÕES,80
05/02/2026,MORADA BELA,CAMURIM,AGR - CONTABILIDADE ,4.2,DESPESAS EMPRESA,2000
06/02/2026,MORADA BELA II,CAMURIM,FOLHA MÃO DE OBRA - CAL,1.1,FOLHA MÃO DE OBRA CIVIL,4000
06/02/2026,MORADA BELA,CAMURIM,NB SERRALHARIA - ESQUADRIAS,2.14,ESQUADRIAS DE VIDRO,7200
09/02/2026,MORADA BELA II,CAMURIM,NAB COMERCIO - 50 SACOS DE CIMENTO,2.3,CIMENTO (50kg),1975
09/02/2026,MORADA BELA II,CAMURIM,THOMAS - FERRAGENS,2.5,FERRAGEM,3858
09/02/2026,MORADA BELA,CAMURIM,ALUGUEIS - ALUGUEL DE ANDAIMES (PRATICO),2.11,"LOCAÇÃO DE EQUIPAMENTOS - RETRO, MUNCK, CONTAINER, OUTROS",720
10/02/2026,MORADA BELA,ARCA,PAMESA - CERÂMICAS,2.6,CERÂMICA/ARGAMASSA/REJUNTE,3444.81
10/02/2026,MORADA BELA II,CAMURIM,ANDERSON - TIJOLOS ,2.4,TIJOLO,5200
10/02/2026,MORADA BELA II,CAMURIM,MADEREIRA CARPINA - TÁBUAS,2.7,MADEIRA,1590
13/02/2026,MORADA BELA II,ARCA,ALUGUEIS - CONTAINER,2.11,"LOCAÇÃO DE EQUIPAMENTOS - RETRO, MUNCK, CONTAINER, OUTROS",450
13/02/2026,MORADA BELA,ARCA,AM COMERCIAL - MAT ELÉTRICA,2.8,MATERIAL ELÉTRICA,2278.11
13/02/2026,MORADA BELA,ARCA,AM COMERCIAL - MAT ELÉTRICA,2.8,MATERIAL ELÉTRICA,107.64
13/02/2026,MORADA BELA II,CAMURIM,FOLHA MÃO DE OBRA - CAL,1.1,FOLHA MÃO DE OBRA CIVIL,5000
20/02/2026,MORADA BELA II,CAMURIM,FOLHA MÃO DE OBRA - CAL,1.1,FOLHA MÃO DE OBRA CIVIL,2900
25/02/2026,MORADA BELA II,CAMURIM,CERÂMICA RAIO DE LUZ - TIJOLOS,2.4,TIJOLO,5100
25/02/2026,MORADA BELA II,CAMURIM,3 CARRADAS DE AREIA,2.1,AREIA,3700
25/02/2026,MORADA BELA II,CAMURIM,1 CARRADA DE BRITA,2.2,BRITA,1500
25/02/2026,MORADA BELA II,CAMURIM,ALUGUEIS - CAÇAMBA RETIRADA DE MATERIAL,2.11,"LOCAÇÃO DE EQUIPAMENTOS - RETRO, MUNCK, CONTAINER, OUTROS",1200
25/02/2026,MORADA BELA II,CAMURIM,ALUGUEIS - RETRO ATERRO DO TERRENO,2.11,"LOCAÇÃO DE EQUIPAMENTOS - RETRO, MUNCK, CONTAINER, OUTROS",2300
25/02/2026,MORADA BELA II,CAMURIM,CIA BRAS - CIMENTO,2.5,FERRAGEM,4902.8
25/02/2026,MORADA BELA II,CAMURIM,ARMAZÉM DOIS IRMÃOS - ARGAMASSA POLIMÉRICA,2.12,MATERIAIS DIVERSOS,122.5
25/02/2026,MORADA BELA II,CAMURIM,ARMAZÉM DOIS IRMÃOS - ARGAMASSA POLIMÉRICA + BROCHA,2.12,MATERIAIS DIVERSOS,137
27/02/2026,MORADA BELA II,CAMURIM,FOLHA MÃO DE OBRA - CAL,1.1,FOLHA MÃO DE OBRA CIVIL,5000
27/02/2026,MORADA BELA II,CAMURIM,REEMBOLSO CAL - GASOLINA E ALUGUEL DO COMPACTADOR,2.11,"LOCAÇÃO DE EQUIPAMENTOS - RETRO, MUNCK, CONTAINER, OUTROS",200
27/02/2026,MORADA BELA II,CAMURIM,M.O EXTRA PARA LAJÃO,1.1,FOLHA MÃO DE OBRA CIVIL,400
27/02/2026,MORADA BELA II,CAMURIM,ALUGUEIS - RETRO LIMPEZA DO TERRENO,2.11,"LOCAÇÃO DE EQUIPAMENTOS - RETRO, MUNCK, CONTAINER, OUTROS",920
27/02/2026,MORADA BELA II,CAMURIM,JOÃO BOSCO - FERRAGENS,2.5,FERRAGEM,830
27/02/2026,MORADA BELA II,CAMURIM,BELO LAJES - LAJE FOSSA E RESERV,2.23,"VERGAS E LAJES (FOSSA, SUMI, RESERV, CAIXA DÁGUA)",1220
02/03/2026,MORADA BELA II,CAMURIM,TREVO FERRAGENS - PREGO E ARAME,2.22,"ARAME, DISCO E PREGO",262.5
02/03/2026,MORADA BELA II,CAMURIM,TREVO FERRAGENS - FERRAGENS,2.5,FERRAGEM,5352
02/03/2026,MORADA BELA II,CAMURIM,BELO LAJES - 1ª LAJE,2.16,LAJE,4803.2
02/03/2026,MORADA BELA,CAMURIM,FOLHA INSTALAÇÕES HIDRÁULICAS - JÓ,1.2,FOLHA INSTALAÇÕES HIDRÁULICAS,600
02/03/2026,MORADA BELA II,CAMURIM,PRO LABORE - AYRSON,4.2,DESPESAS EMPRESA,6000
02/03/2026,MORADA BELA II,CAMURIM,PRO LABORE - ALEXANDRE,4.2,DESPESAS EMPRESA,3000
02/03/2026,MORADA BELA II,CAMURIM,PRO LABORE - CAIO,4.2,DESPESAS EMPRESA,3000
04/03/2026,MORADA BELA II,CAMURIM,CIMENTO,2.3,CIMENTO (50kg),4902.8
05/03/2026,MORADA BELA II,CAMURIM,AGR - CONTABILIDADE ,4.2,DESPESAS EMPRESA,1000
06/03/2026,MORADA BELA II,CAMURIM,FOLHA MÃO DE OBRA - CAL,1.1,FOLHA MÃO DE OBRA CIVIL,5000
06/03/2026,MORADA BELA II,CAMURIM,REEMBOLSO CAL - MATERIAIS,2.12,MATERIAIS DIVERSOS,248
10/03/2026,MORADA BELA II,CAMURIM,CONCRETO USINADO - 1ª LAJE,2.20,CONCRETO USINADO,6400
10/03/2026,MORADA BELA,ARCA,PAMESA - CERÂMICAS,2.6,CERÂMICA/ARGAMASSA/REJUNTE,3444.81
10/03/2026,MORADA BELA II,CAMURIM,ALUGUEIS - ALUGUEL DE ANDAIMES E ESCORAS (PRATICO),2.11,"LOCAÇÃO DE EQUIPAMENTOS - RETRO, MUNCK, CONTAINER, OUTROS",1780
11/03/2026,MORADA BELA II,CAMURIM,ALUGUEIS - BETONEIRA (CASA DO CONSTRUTOR),2.11,"LOCAÇÃO DE EQUIPAMENTOS - RETRO, MUNCK, CONTAINER, OUTROS",330.02
11/03/2026,MORADA BELA II,CAMURIM,ALUGUEIS - BETONEIRA (CASA DO CONSTRUTOR),2.11,"LOCAÇÃO DE EQUIPAMENTOS - RETRO, MUNCK, CONTAINER, OUTROS",330.02
11/03/2026,MORADA BELA,CAMURIM,MORADA BELA - INSTITUIÇÃO DE CONDOMÍNIO PÚBLICA,3.13,AFETAÇÃO,1244.52
11/03/2026,MORADA BELA II,CAMURIM,CERÂMICA RAIO DE LUZ - TIJOLOS,2.4,TIJOLO,5300
13/03/2026,MORADA BELA II,ARCA,ALUGUEIS - CONTAINER,2.11,"LOCAÇÃO DE EQUIPAMENTOS - RETRO, MUNCK, CONTAINER, OUTROS",450
13/03/2026,MORADA BELA,CAMURIM,MORADA BELA - ATUALIZAÇÃO DE CERTIDÃO,3.13,AFETAÇÃO,49.78
13/03/2026,MORADA BELA II,CAMURIM,ALUGUEIS - RETROESCAVADEIRA (ROGÉRIO LOCAÇÕES),2.11,"LOCAÇÃO DE EQUIPAMENTOS - RETRO, MUNCK, CONTAINER, OUTROS",350
13/03/2026,MORADA BELA II,CAMURIM,1 CARRADA DE BRITA,2.2,BRITA,1500
13/03/2026,MORADA BELA II,CAMURIM,1 CARRADA DE AREIA,2.1,AREIA,1250
13/03/2026,MORADA BELA II,CAMURIM,1 CARRADA DE AREIA,2.1,AREIA,1200
13/03/2026,MORADA BELA II,CAMURIM,FOLHA MÃO DE OBRA - CAL,1.1,FOLHA MÃO DE OBRA CIVIL,5200
16/03/2026,MORADA BELA,ARCA,AM COMERCIAL - MAT ELÉTRICA,2.8,MATERIAL ELÉTRICA,2278.11
16/03/2026,MORADA BELA,ARCA,AM COMERCIAL - MAT ELÉTRICA,2.8,MATERIAL ELÉTRICA,107.64
18/03/2026,MORADA BELA II,CAMURIM,"BELO LAJES - LAJE FOSSA, ESCADA E VERGAS",2.23,"VERGAS E LAJES (FOSSA, SUMI, RESERV, CAIXA DÁGUA)",1112
18/03/2026,MORADA BELA II,CAMURIM,BELO LAJES - 2ª LAJE,2.16,LAJE,5187
18/03/2026,MORADA BELA II,CAMURIM,MADEREIRA CARPINA - TÁBUAS,2.7,MADEIRA,1375
18/03/2026,MORADA BELA II,CAMURIM,TREVO FERRAGENS - FERRAGENS,2.5,FERRAGEM,3227.2
20/03/2026,MORADA BELA II,CAMURIM,FOLHA MÃO DE OBRA - CAL,1.1,FOLHA MÃO DE OBRA CIVIL,5200
20/03/2026,MORADA BELA II,CAMURIM,FOLHA INSTALAÇÕES ELÉTRICAS - MARADONA,1.3,FOLHA INSTALAÇÕES ELÉTRICAS,1000
23/03/2026,MORADA BELA,CAMURIM,MORADA BELA - CERTIDÕES DE PROTESTO RECIFE,3.13,AFETAÇÃO,18.21
23/03/2026,MORADA BELA,CAMURIM,MORADA BELA - CERTIDÕES DE PROTESTO RECIFE,3.13,AFETAÇÃO,18.21
23/03/2026,MORADA BELA,CAMURIM,MORADA BELA - CERTIDÕES DE PROTESTO RECIFE,3.13,AFETAÇÃO,18.21
23/03/2026,MORADA BELA,CAMURIM,MORADA BELA - CERTIDÕES DE PROTESTO RECIFE,3.13,AFETAÇÃO,18.21
25/03/2026,MORADA BELA II,CAMURIM,MUNDO DA IMPERMEABILIZAÇÃO - ADITIVO REBOCO/CISTERNA,2.12,MATERIAIS DIVERSOS,230
27/03/2026,MORADA BELA II,CAMURIM,FOLHA MÃO DE OBRA - CAL,1.1,FOLHA MÃO DE OBRA CIVIL,7000
27/03/2026,MORADA BELA II,CAMURIM,REEMBOLSO CAL - MATERIAIS,2.12,MATERIAIS DIVERSOS,652
27/03/2026,MORADA BELA II,CAMURIM,1 CARRADA DE AREIA,2.1,AREIA,1300
27/03/2026,MORADA BELA II,CAMURIM,ELIEZER - GRADES DE PORTA E ALISARES,2.19,ESQUADRIAS DE MADEIRA,1960
28/03/2026,MORADA BELA II,CAMURIM,CONCRETO USINADO - 2ª LAJE,2.20,CONCRETO USINADO,5800
30/03/2026,MORADA BELA II,CAMURIM,TREVO FERRAGENS - FERRAGENS,2.5,FERRAGEM,460
30/03/2026,MORADA BELA II,CAMURIM,1 CARRADA DE AREIA,2.1,AREIA,1300
30/03/2026,MORADA BELA II,CAMURIM,FOLHA INSTALAÇÕES ELÉTRICAS - MARADONA,1.3,FOLHA INSTALAÇÕES ELÉTRICAS,1000
30/03/2026,MORADA BELA II,CAMURIM,CIMENTO FORTE - CIMENTO FATURADO,2.3,CIMENTO (50kg),4902.8
31/03/2026,LOTE 16 QAH,CAMURIM,TAXA DE CESSÃO TROCA DE LOTE ,3.1,COMPRA DO LOTE,400
01/04/2026,MORADA BELA II,CAMURIM,ALUGUEIS - BETONEIRA (CASA DO CONSTRUTOR),2.11,"LOCAÇÃO DE EQUIPAMENTOS - RETRO, MUNCK, CONTAINER, OUTROS",330.02
02/04/2026,MORADA BELA II,CAMURIM,FOLHA MÃO DE OBRA - CAL,1.1,FOLHA MÃO DE OBRA CIVIL,5500
02/04/2026,MORADA BELA II,CAMURIM,REEMBOLSO CAL - MATERIAIS,2.12,MATERIAIS DIVERSOS,163.2
02/04/2026,MORADA BELA,CAMURIM,REEMBOLSO CAL - RETOQUE PINTURA,4.1,DESPESA EXTRA,240
02/04/2026,MORADA BELA,CAMURIM,REEMBOLSO CAL - RETOQUE GESSO,4.1,DESPESA EXTRA,100
02/04/2026,MORADA BELA II,CAMURIM,QUITAÇÃO DE IPTU LOTE 17AH,3.15,IPTU,59.15
02/04/2026,LOTE 16 QAH,CAMURIM,QUITAÇÃO DE IPTU LOTE 16AH,3.15,IPTU,73.94
02/04/2026,LOTE 16 QAH,CAMURIM,QUITAÇÃO DE IPTU LOTE 16AH,3.15,IPTU,252.51
02/04/2026,MORADA BELA II,CAMURIM,IBTI - LOTE 17AH,3.2,TAXAS REGISTRO DO LOTE/AVERBAÇÕES LOTE,1306.25
02/04/2026,LOTE 16 QAH,CAMURIM,ITBI - LOTE 16AH,3.2,TAXAS REGISTRO DO LOTE/AVERBAÇÕES LOTE,1306.25
02/04/2026,MORADA BELA II,CAMURIM,REGISTRO DA ESCRITURA - LOTE 17AH,3.2,TAXAS REGISTRO DO LOTE/AVERBAÇÕES LOTE,2194.5
02/04/2026,LOTE 16 QAH,CAMURIM,REGISTRO DA ESCRITURA - LOTE 18AH,3.2,TAXAS REGISTRO DO LOTE/AVERBAÇÕES LOTE,2194.5
02/04/2026,LOTE 27AX,CAMURIM,REGISTRO DA ESCRITURA - LOTE 27AX,3.2,TAXAS REGISTRO DO LOTE/AVERBAÇÕES LOTE,2194.5
02/04/2026,LOTE 32AX,CAMURIM,REGISTRO DA ESCRITURA - LOTE 32AX,3.2,TAXAS REGISTRO DO LOTE/AVERBAÇÕES LOTE,2194.5
06/04/2026,MORADA BELA II,CAMURIM,CIMENTO FORTE - CIMENTO FATURADO,2.3,CIMENTO (50kg),4902.8
06/04/2026,MORADA BELA II,CAMURIM,PRO LABORE - AYRSON,4.2,DESPESAS EMPRESA,6000
06/04/2026,MORADA BELA II,CAMURIM,PRO LABORE - ALEXANDRE,4.2,DESPESAS EMPRESA,3000
06/04/2026,MORADA BELA II,CAMURIM,PRO LABORE - CAIO,4.2,DESPESAS EMPRESA,3000
06/04/2026,MORADA BELA II,CAMURIM,AGR - CONTABILIDADE ,4.2,DESPESAS EMPRESA,1000
06/04/2026,MORADA BELA II,CAMURIM,CERTIDÃO INTEIRO TEOR - LOTE 17AH,3.3,DESPESAS CARTORIAIS,62.6325
06/04/2026,LOTE 16 QAH,CAMURIM,CERTIDÃO INTEIRO TEOR - LOTE 16AH,3.3,DESPESAS CARTORIAIS,62.6325
06/04/2026,LOTE 27AX,CAMURIM,CERTIDÃO INTEIRO TEOR - LOTE 27AX,3.3,DESPESAS CARTORIAIS,62.6325
06/04/2026,LOTE 32AX,CAMURIM,CERTIDÃO INTEIRO TEOR - LOTE 32AX,3.3,DESPESAS CARTORIAIS,62.6325
09/04/2026,MORADA BELA II,CAMURIM,REGISTRO DA ESCRITURA - LOTE 17AH,3.2,TAXAS REGISTRO DO LOTE/AVERBAÇÕES LOTE,138.055
09/04/2026,LOTE 16 QAH,CAMURIM,REGISTRO DA ESCRITURA - LOTE 18AH,3.2,TAXAS REGISTRO DO LOTE/AVERBAÇÕES LOTE,138.055
09/04/2026,LOTE 27AX,CAMURIM,REGISTRO DA ESCRITURA - LOTE 27AX,3.2,TAXAS REGISTRO DO LOTE/AVERBAÇÕES LOTE,138.055
09/04/2026,LOTE 32AX,CAMURIM,REGISTRO DA ESCRITURA - LOTE 32AX,3.2,TAXAS REGISTRO DO LOTE/AVERBAÇÕES LOTE,138.055
09/04/2026,MORADA BELA II,CAMURIM,RRT - PROJETO LOTE 17AH,3.4,PROJETO ARQUITETURA/ART,130.64
09/04/2026,MORADA BELA II,CAMURIM,RRT - PROJETO LOTE 17AH,3.4,PROJETO ARQUITETURA/ART,130.64
10/04/2026,MORADA BELA II,CAMURIM,FOLHA MÃO DE OBRA - CAL,1.1,FOLHA MÃO DE OBRA CIVIL,5200
10/04/2026,MORADA BELA,CAMURIM,REEMBOLSO CAL - PÓS OBRA HIDRO,2.9,MATERIAL HIDRÁULICO,150
10/04/2026,MORADA BELA II,CAMURIM,FOLHA INSTALAÇÕES ELÉTRICAS - MARADONA,1.3,FOLHA INSTALAÇÕES ELÉTRICAS,2500
13/04/2026,MORADA BELA II,ARCA,ALUGUEIS - CONTAINER,2.11,"LOCAÇÃO DE EQUIPAMENTOS - RETRO, MUNCK, CONTAINER, OUTROS",450
15/04/2026,MORADA BELA II,CAMURIM,BELO LAJES - LAJE CAIXA DAGUA,2.23,"VERGAS E LAJES (FOSSA, SUMI, RESERV, CAIXA DÁGUA)",429
15/04/2026,MORADA BELA II,CAMURIM,TREVO FERRAGENS - TELAS,2.5,FERRAGEM,236
15/04/2026,MORADA BELA II,CAMURIM,1 CARRADA DE AREIA,2.1,AREIA,1300
15/04/2026,MORADA BELA II,CAMURIM,CERÂMICA - FRETE,2.6,CERÂMICA/ARGAMASSA/REJUNTE,2100
15/04/2026,LOTE 16 QAH,CAMURIM,ITBI - LOTE 16AH,3.2,TAXAS REGISTRO DO LOTE/AVERBAÇÕES LOTE,356.25
15/04/2026,MORADA BELA II,CAMURIM,TREVO FERRAGENS - FERRAGENS,2.5,FERRAGEM,1137.5
15/04/2026,MORADA BELA II,CAMURIM,1 CARRADA DE AREIA,2.1,AREIA,1400
17/04/2026,MORADA BELA II,CAMURIM,MADEREIRA CARPINA - TELHAS,2.24,TELHAS,3610
17/04/2026,MORADA BELA II,CAMURIM,MASSA PRONTA - ARGAMASSA E REJUNTE,2.6,CERÂMICA/ARGAMASSA/REJUNTE,3254.06
17/04/2026,MORADA BELA II,CAMURIM,FOLHA MÃO DE OBRA - CAL,1.1,FOLHA MÃO DE OBRA CIVIL,7200
17/04/2026,MORADA BELA,CAMURIM,REEMBOLSO CAL - PÓS OBRA PINTURA,4.1,DESPESA EXTRA,250
17/04/2026,MORADA BELA,CAMURIM,REEMBOLSO CAL - PÓS OBRA LIMPEZA GERAL,4.1,DESPESA EXTRA,300
17/04/2026,MORADA BELA II,CAMURIM,FORRO DE GESSO - MÃO DE OBRA/MATERIAL,2.21,GESSO,6300
22/04/2026,MORADA BELA,CAMURIM,DESPESAS CARTORIAIS DE REGISTRO DA AFETAÇÃO,3.13,AFETAÇÃO,5575.23
23/04/2026,MORADA BELA II,CAMURIM,AM COMÉRCIAL - MATERIAL ELÉTRICO,2.8,MATERIAL ELÉTRICA,2299.6400000000003
23/04/2026,MORADA BELA II,CAMURIM,AM COMÉRCIAL - MATERIAL HIDRO,2.9,MATERIAL HIDRÁULICO,574.9099999999999
23/04/2026,MORADA BELA II,CAMURIM,NB SERRALHARIA - JANELAS E PORTÕES (1ª PARCELA),2.17,PORTÕES DE FERRO,3000
23/04/2026,MORADA BELA II,CAMURIM,NB SERRALHARIA - JANELAS E PORTÕES (1ª PARCELA),2.14,ESQUADRIAS DE VIDRO,7800
23/04/2026,MORADA BELA II,CAMURIM,ALUGUEIS - ANDAIMES E ESCORAS (PRÁTICO),2.11,"LOCAÇÃO DE EQUIPAMENTOS - RETRO, MUNCK, CONTAINER, OUTROS",1496
24/04/2026,MORADA BELA II,CAMURIM,FOLHA MÃO DE OBRA - CAL,1.1,FOLHA MÃO DE OBRA CIVIL,6200
24/04/2026,MORADA BELA II,CAMURIM,REEMBOLSO CAL - ARGAMASSA,2.6,CERÂMICA/ARGAMASSA/REJUNTE,200
24/04/2026,MORADA BELA II,CAMURIM,REEMBOLSO CAL - ESPAÇADORES PARA ASSENTAMENTO,2.6,CERÂMICA/ARGAMASSA/REJUNTE,89
27/04/2026,MORADA BELA II,CAMURIM,TINTAS BRAVA - TINTAS,2.10,MATERIAL PINTURA,5974
29/04/2026,LOTE 16 QAH,ARCA,ART - LOTE 16AH,3.4,PROJETO ARQUITETURA/ART,285.59
30/04/2026,MORADA BELA II,CAMURIM,ALUGUEIS - BETONEIRA (CASA DO CONSTRUTOR),2.11,"LOCAÇÃO DE EQUIPAMENTOS - RETRO, MUNCK, CONTAINER, OUTROS",330.02
30/04/2026,MORADA BELA II,CAMURIM,FOLHA MÃO DE OBRA - CAL,1.1,FOLHA MÃO DE OBRA CIVIL,6000
30/04/2026,MORADA BELA II,CAMURIM,REEMBOLSO CAL - MATERIAL DIVERSO,2.12,MATERIAIS DIVERSOS,150
30/04/2026,MORADA BELA II,CAMURIM,1 CARRADA AREIA LAVADA,2.1,AREIA,1400
30/04/2026,LOTE 16 QAH,CAMURIM,COPY MAX - PLOTAGEM PROJETOS,3.5,PLOTAGENS E IMPRESSÕES,77
30/04/2026,MORADA BELA II,CAMURIM,FOLHA INSTALAÇÕES ELÉTRICAS - MARADONA,1.3,FOLHA INSTALAÇÕES ELÉTRICAS,1000
02/05/2026,MORADA BELA II,CAMURIM,ALMEIDA DISTRIBUIDORA - MAT ELÉTRICA,2.8,MATERIAL ELÉTRICA,3845.07
05/05/2026,MORADA BELA II,CAMURIM,TREVO FERRAGENS - ARAME E PREGO,2.22,"ARAME, DISCO E PREGO",56
05/05/2026,MORADA BELA II,CAMURIM,TREVO FERRAGENS - POSTE,2.8,MATERIAL ELÉTRICA,400
05/05/2026,MORADA BELA II,CAMURIM,PREFEITURA DE CARPINA - TAXA ALVARÁ DE CONSTRUÇÃO,3.7,TAXA APROVAÇÃO PROJETO,1646.04
05/05/2026,LOTE 16 QAH,CAMURIM,PREFEITURA DE CARPINA - TAXA ALVARÁ DE CONSTRUÇÃO,3.7,TAXA APROVAÇÃO PROJETO,1646.04
08/05/2026,MORADA BELA II,CAMURIM,AGR - CONTABILIDADE ,4.2,DESPESAS EMPRESA,1000
08/05/2026,MORADA BELA II,CAMURIM,PREFEITURA DE CARPINA - TAXA DE CERTIDÃO NARRATIVA,3.2,TAXAS REGISTRO DO LOTE/AVERBAÇÕES LOTE,270
08/05/2026,MORADA BELA,CAMURIM,PREFEITURA DE CARPINA - TAXA DE CERTIDÃO NARRATIVA,3.2,TAXAS REGISTRO DO LOTE/AVERBAÇÕES LOTE,270
08/05/2026,LOTE 16 QAH,CAMURIM,PREFEITURA DE CARPINA - TAXA DE CERTIDÃO NARRATIVA,3.2,TAXAS REGISTRO DO LOTE/AVERBAÇÕES LOTE,270
08/05/2026,LOTE 27AX,CAMURIM,PREFEITURA DE CARPINA - TAXA DE CERTIDÃO NARRATIVA,3.2,TAXAS REGISTRO DO LOTE/AVERBAÇÕES LOTE,270
08/05/2026,MORADA BELA II,CAMURIM,FOLHA MÃO DE OBRA - CAL,1.1,FOLHA MÃO DE OBRA CIVIL,7000
08/05/2026,MORADA BELA II,CAMURIM,FOLHA PINTURA - ADAILTON,1.4,FOLHA PINTURA,2750
08/05/2026,MORADA BELA II,ARCA,PAMESA CERAMICA - 1ª PARCELA,2.6,CERÂMICA/ARGAMASSA/REJUNTE,4530.09
10/05/2026,MORADA BELA II,CAMURIM,2001 - CAIXAS DÁGUA,2.9,MATERIAL HIDRÁULICO,2188.8
12/05/2026,MORADA BELA II,CAMURIM,SABINO DE MELO - PORTAS,2.19,ESQUADRIAS DE MADEIRA,1414
12/05/2026,MORADA BELA II,CAMURIM,ALMEIDA DISTRIBUIDORA - MATERIAL HIDRO,2.9,MATERIAL HIDRÁULICO,2299
13/05/2026,MORADA BELA II,CAMURIM,RC COMÉRCIO - LUMINÁRIAS,2.8,MATERIAL ELÉTRICA,861.91
14/05/2026,MORADA BELA II,ARCA,ALUGUEIS - CONTAINER,2.11,"LOCAÇÃO DE EQUIPAMENTOS - RETRO, MUNCK, CONTAINER, OUTROS",495.45
15/05/2026,MORADA BELA II,CAMURIM,FOLHA MÃO DE OBRA - CAL,1.1,FOLHA MÃO DE OBRA CIVIL,3800
15/05/2026,LOTE 16 QAH,CAMURIM,LOTE 16 QAH - PROJETO ARQUITETURA,3.4,PROJETO ARQUITETURA/ART,750
15/05/2026,MORADA BELA II,CAMURIM,FOLHA INSTALAÇÕES ELÉTRICAS - MARADONA,1.3,FOLHA INSTALAÇÕES ELÉTRICAS,1000
15/05/2026,LOTE 16 QAH,CAMURIM,LOTE 16 QAH - PROJETO ARQUITETURA,3.4,PROJETO ARQUITETURA/ART,1500
15/05/2026,MORADA BELA II,CAMURIM,ALUGUEIS - BETONEIRA (CASA DO CONSTRUTOR),2.11,"LOCAÇÃO DE EQUIPAMENTOS - RETRO, MUNCK, CONTAINER, OUTROS",120
15/05/2026,MORADA BELA II,CAMURIM,ALMEIDA DISTRIBUIDORA - FECHADURAS E DOBRADIÇAS,2.19,ESQUADRIAS DE MADEIRA,624.4
15/05/2026,MORADA BELA II,CAMURIM,ALUGUEIS - ANDAIMES E ESCORAS (PRÁTICO),2.11,"LOCAÇÃO DE EQUIPAMENTOS - RETRO, MUNCK, CONTAINER, OUTROS",504
20/05/2026,MORADA BELA,CAMURIM,MUNDO DA IMPERMEABILIZAÇÃO - ADITIVO IMPERMEABILIZANTE,4.1,DESPESA EXTRA,135
20/05/2026,MORADA BELA II,CAMURIM,PREFEITURA DE CARPINA - TAXA HABITESE,3.9,HABITESE (TAXA/ISS/AVERBAÇÃO),557.91
20/05/2026,MORADA BELA II,CAMURIM,PREFEITURA DE CARPINA - TAXA HABITESE,3.9,HABITESE (TAXA/ISS/AVERBAÇÃO),557.91
20/05/2026,MORADA BELA II,CAMURIM,PREFEITURA DE CARPINA - TAXA HABITESE,3.9,HABITESE (TAXA/ISS/AVERBAÇÃO),616.68
20/05/2026,MORADA BELA II,CAMURIM,PREFEITURA DE CARPINA - TAXA HABITESE,3.9,HABITESE (TAXA/ISS/AVERBAÇÃO),616.68
22/05/2026,MORADA BELA II,CAMURIM,FOLHA INSTALAÇÕES ELÉTRICAS - MARADONA,1.3,FOLHA INSTALAÇÕES ELÉTRICAS,500
22/05/2026,MORADA BELA II,CAMURIM,FOLHA MÃO DE OBRA - CAL,1.1,FOLHA MÃO DE OBRA CIVIL,2000
22/05/2026,MORADA BELA II,CAMURIM,REEMBOLSO CAL - MATERIAIS DIVERSOS,2.12,MATERIAIS DIVERSOS,501
23/05/2026,MORADA BELA II,CAMURIM,AM COMÉRCIAL - MATERIAL ELÉTRICO,2.8,MATERIAL ELÉTRICA,2299.6400000000003
23/05/2026,MORADA BELA II,CAMURIM,AM COMÉRCIAL - MATERIAL HIDRO,2.9,MATERIAL HIDRÁULICO,574.9099999999999
26/05/2026,MORADA BELA,CAMURIM,REGISTRO DA AFETAÇÃO,3.13,AFETAÇÃO,492.32
01/06/2026,MORADA BELA II,CAMURIM,ALMEIDA DISTRIBUIDORA - MAT ELÉTRICA,2.8,MATERIAL ELÉTRICA,3845.06
02/06/2026,MORADA BELA II,CAMURIM,IOF CHEQUE ESPECIAL,4.1,DESPESA EXTRA,3.74
02/06/2026,MORADA BELA II,CAMURIM,JUROS CHEQUE ESPECIAL,4.1,DESPESA EXTRA,4.52
03/06/2026,MORADA BELA,CAMURIM,TAXA AVERBAÇÃO DAS UNIDADES,3.10,CONVENÇÃO CONDOMÍNIO/REGISTRO,2098.24
03/06/2026,MORADA BELA,CAMURIM,TAXA CONVENÇÃO DE CONDOMÍNIO,3.10,CONVENÇÃO CONDOMÍNIO/REGISTRO,622.26
05/06/2026,MORADA BELA II,CAMURIM,AGR - CONTABILIDADE ,4.2,DESPESAS EMPRESA,1000
05/06/2026,MORADA BELA II,CAMURIM,ÁGUA - CARRO PIPA,4.2,DESPESAS EMPRESA,2215
05/06/2026,MORADA BELA II,CAMURIM,PORTAS DE MADEIRA - INSTALAÇÃO,2.19,ESQUADRIAS DE MADEIRA,840
05/06/2026,MORADA BELA,CAMURIM,(MORADA BELA ) - DESPESAS PÓS OBRA GESSO,4.2,DESPESAS EMPRESA,200
05/06/2026,MORADA BELA II,CAMURIM,IDEAL MARMORE - BALCÕES E BANCADAS DE GRANITO,2.15,BALCÕES E GRANITOS,6500
05/06/2026,MORADA BELA II,CAMURIM,PORTAS E JANELAS DE VIDRO,2.14,ESQUADRIAS DE VIDRO,7200
11/06/2026,MORADA BELA II,CAMURIM,FOLHA PINTURA - ADAILTON,1.4,FOLHA PINTURA,2750
11/06/2026,MORADA BELA,CAMURIM,(MORADA BELA) - DESPESAS PÓS OBRA PINTURA,4.1,DESPESA EXTRA,450
11/06/2026,MORADA BELA II,CAMURIM,MATERIAL - PINCEL E VERNIZ,2.10,MATERIAL PINTURA,120
18/06/2026,MORADA BELA,CAMURIM,CERTIDÃO DA AFETAÇÃO,3.13,AFETAÇÃO,69.63
22/06/2026,MORADA BELA II,CAMURIM,AM COMÉRCIAL - MATERIAL ELÉTRICO,2.8,MATERIAL ELÉTRICA,2299.6400000000003
22/06/2026,MORADA BELA II,CAMURIM,AM COMÉRCIAL - MATERIAL HIDRO,2.9,MATERIAL HIDRÁULICO,574.9
29/06/2026,MORADA BELA II,CAMURIM,TAXA DE REGISTRO E AVERBAÇÃO - LOTE 17 QAH,3.2,TAXAS REGISTRO DO LOTE/AVERBAÇÕES LOTE,1965.89
29/06/2026,LOTE 16 QAH,CAMURIM,TAXA DE REGISTRO E AVERBAÇÃO - LOTE 16 QAH,3.2,TAXAS REGISTRO DO LOTE/AVERBAÇÕES LOTE,1965.89
29/06/2026,LOTE 27AX,CAMURIM,TAXA DE REGISTRO E AVERBAÇÃO - LOTE 27 QAX,3.2,TAXAS REGISTRO DO LOTE/AVERBAÇÕES LOTE,1965.895
29/06/2026,LOTE 32AX,CAMURIM,TAXA DE REGISTRO E AVERBAÇÃO - LOTE 32 QAX,3.2,TAXAS REGISTRO DO LOTE/AVERBAÇÕES LOTE,1965.895
30/06/2026,MORADA BELA II,CAMURIM,ALUGUEIS - BETONEIRA E ANDAIMES (PRATICO),2.11,"LOCAÇÃO DE EQUIPAMENTOS - RETRO, MUNCK, CONTAINER, OUTROS",1110
30/06/2026,MORADA BELA,CAMURIM,TAXAS DE DESPESAS CARTORIAIS - HABITE-SE,3.9,HABITESE (TAXA/ISS/AVERBAÇÃO),250.08
01/07/2026,MORADA BELA II,CAMURIM,ALMEIDA DISTRIBUIDORA - MAT ELÉTRICA,2.8,MATERIAL ELÉTRICA,3845.06
02/07/2026,MORADA BELA II,CAMURIM,IOF CHEQUE ESPECIAL,4.1,DESPESA EXTRA,9.85
02/07/2026,MORADA BELA II,CAMURIM,JUROS CHEQUE ESPECIAL,4.1,DESPESA EXTRA,74.69
02/07/2026,MORADA BELA,CAMURIM,(MORADA BELA) - CERTIDÕES DE INTEIRO TEOR,3.11,INTEIRO TEOR,615.4
02/07/2026,MORADA BELA,CAMURIM,(MORADA BELA - TAXA DE ENGENHARIA CAIXA CASA 01,5.1.1,CASA01 - ENGENHARIA,750
02/07/2026,MORADA BELA,CAMURIM,(MORADA BELA - TAXA DE ENGENHARIA CAIXA CASA 02,5.2.1,CASA02 - ENGENHARIA,750
02/07/2026,MORADA BELA,CAMURIM,(MORADA BELA - TAXA DE ENGENHARIA CAIXA CASA 101,5.3.1,CASA101 - ENGENHARIA,750
02/07/2026,MORADA BELA,CAMURIM,(MORADA BELA - TAXA DE ENGENHARIA CAIXA CASA 102,5.4.1,CASA102 - ENGENHARIA,750
06/07/2026,MORADA BELA II,CAMURIM,AGR - CONTABILIDADE ,4.2,DESPESAS EMPRESA,1350
03/07/2026,MORADA BELA II,ARCA,PAMESA CERAMICA - 3ª PARCELA,2.6,CERÂMICA/ARGAMASSA/REJUNTE,4443.45
14/07/2026,MORADA BELA II,ARCA,ALUGUEIS - CONTAINER,2.11,"LOCAÇÃO DE EQUIPAMENTOS - RETRO, MUNCK, CONTAINER, OUTROS",450
13/08/2026,MORADA BELA II,ARCA,ALUGUEIS - CONTAINER,2.11,"LOCAÇÃO DE EQUIPAMENTOS - RETRO, MUNCK, CONTAINER, OUTROS",450
05/09/2026,MORADA BELA,CAMURIM,INSS/CNO - custo da JV (Camurim+Arca, 50/50) - SIMULACAO OBRA CONJ. HABITACIONAL POPULAR (CNO 90.026.85484/73),3.16,IMPOSTOS - INSS/CNO OBRA,14505.51
05/09/2026,MORADA BELA II,CAMURIM,INSS/CNO - custo da JV (Camurim+Arca, 50/50) - SIMULACAO OBRA CONJ. HABITACIONAL POPULAR (CNO 90.030.38852/74),3.16,IMPOSTOS - INSS/CNO OBRA,18438.80
25/02/2026,MORADA BELA II,CAMURIM,COMPRA DO LOTE 17AH (integralizacao JV - data aproximada nao confirmada),3.1,COMPRA DO LOTE,70000
08/10/2025,LOTE 16 QAH,CAMURIM,COMPRA DO LOTE (land bank reatribuido ao projeto),3.1,COMPRA DO LOTE,52250
08/10/2025,LOTE 27AX,CAMURIM,COMPRA DO LOTE (land bank reatribuido ao projeto),3.1,COMPRA DO LOTE,52389.28
08/10/2025,LOTE 32AX,CAMURIM,COMPRA DO LOTE (land bank reatribuido ao projeto),3.1,COMPRA DO LOTE,52389.28
